
insert into tbl_branch
(branch_name, branch_address)
values
('sharpstown', '123 fake st.')
('central','667 lemon st.'),
('wheatridge','7777 38 st.'),
('denver','7343 quebec st.')
insert into tbl_publisher
(publisher_name, publisher_address, publisher_phone)
values
('cole','654 g', '999-000-9999'),
('alyssa', '5543 k', '888-888-8888'),
('barry', '23 hi', '765-654-5432'),
('emerald', '111 j', '222-333-4444'),
('henry', '56 dee', '111-543-0000'),
('stephen king', '45 n', '879-666-9654'),
('stephen king1', '22 girl', '673-666-0234'),
('LJ', '77 ANDES', '970-406-8406'),
('MIKE', '719 Z', '720-394-2132'),
('john', '056 m', '970-485-5140'),
('snoop', '420 high', '303-420-4200'),
('nelly', '69 e', '546-009-0098'),
('kate', '45 lipan', '843-860-3438'),
('murray', '233 forest', '843-886-8216'),
('gigi', '7980 mt', '789-098-0987'),
('shane', '67 sinclair', '843-883-0986'),
('nemo', '3345 sea', '111-222-3333'),
('chris', '22345 b', '748-990-9484'),
('rick', '964 l', '505-505-5050'),
('chance', '97 ave', '970-764-7716'),
('messi', '47 argentina', '809-908-9008'),
('bk', '8 mancos', '720-556-7400'),
('hank', 'tee', '404-505-6006')

insert into tbl_books
(book_title, publisher_name)
	values
	('The airplane', 'cole'),
	('barfly', 'alyssa'),
	('car', 'barry'),
	('daredevil', 'emerald'),
	('the lost tribe', 'henry'),
	('it', 'stephen king'),
	('the shining', 'stephen king'),
	('rock', 'lj'),
	('truck', 'mike'),
	('shocker', 'john'),
	('dogbound', 'snoop'),
	('jelly', 'nelly'),
	('pie', 'kate'),
	('hi', 'murray'),
	('rap', 'gigi'),
	('country', 'shane'),
	('techno', 'nemo'),
	('the crack', 'chris'),
	('fly tomato', 'rick'),
	('the player', 'chance'),
	('soccer', 'messi'),
	('hockey', 'bk'),
	('the surf adventure', 'hank')
select * from tbl_books
select * from tbl_branch

insert into tbl_book_authors
	(book_id, author_name)
	values
	('101', 'm'),
	('102', 'q'),
	('103', 'b'),
	('104', 'emerald'),
	('105', 'john'),
	('106', 'king'),
	('107', 'king1'),
	('108', 'r'),
	('109', 'e'),
	('110', 'o'),
	('111', 'p'),
	('112', 'w'),
	('113', 'v'),
	('114', 'x'),
	('115', 'a'),
	('116', 'c'),
	('117', 'l'),
	('118', 'g'),
	('119', 'd'),
	('120', 'j'),
	('121', 'k'),
	('122', 'murray'),
	('123', 'n')
	insert into tbl_book_copies
	(book_id, branch_id, number_of_copies)
	values
	('101', '1', '5'),
	('102', '2', '4'),
	('103', '1', '6'),
	('104', '2', '5'),
	('105', '1', '6'),
	('106', '1', '5'),
	('107', '2','7'),
	('108', '2', '4'),
	('109', '1', '5'),
	('110', '1', '3'),
	('111', '2', '7'),
	('112', '2', '4'),
	('113', '1', '6'),
	('114', '1', '4'),
	('115', '2', '8'),
	('115', '2', '5'),
	('116', '1', '5'),
	('117', '2', '8'),
	('118', '2', '4'),
	('119','1', '5'),
	('120', '1', '4'),
	('121', '2', '6'),
	('122', '3', '5'),
	('123', '4', '6')

	insert into tbl_borrower
	(card_number, borrower_name, branch_address, branch_phone)
	values
	('1001', 'john', '567 pea street', '970-485-5138'),
	('1002', 'lj', '345 forest trail', '970-406-8409'),
	('1003', 'alyssa', '2307 borrego', '303-444-5005'),
	('1004', 'hampton', '55 blue river', '970-485-4131'),
	('1005', 'scott', '234 green river', '970-485-2036'),
	('1006', 'solidad', '2510 bennett', '727-845-9449'),
	('1007', 'bishop', '3303 east 33rd', '970-406-8147'),
	('1008', 'nick', '24 sloan lake','781-784-8894'),
	('1009', 'kim', '546 west 9th street', '940-087-9089')

	insert into tbl_book_loans
	(book_id, branch_id, card_number, date_out, date_in)
	values
	('101','1','1001', '10-02-18', '10-23-18'),
	('102','2','1001', '9-20-18', '10-11-18'),
	('102','2','1002', '9-20-18', '10-11-18'),
	('103', '1', '1001', '9-21-18', '10-12-18'),
	('104', '2', '1002', '9-21-18', '10-12-18'),
	('104', '2', '1001', '9-21-18', '10-12-18'),
	('105', '1','1001', '10-02-18', '10-23-18'),
	('105', '1', '1002', '9-21-18', '10-12-18'),
	('106', '1', '1001', '9-21-18', '10-12-18'),
	('106', '1', '1002', '9-21-18', '10-12-18'),
	('106', '1', '1003', '9-21-18', '10-12-18'),
	('106','1','1004', '9-20-18', '10-11-18'),
	('107','2','1001', '9-20-18', '10-11-18'),
	('107','2','1002', '9-20-18', '10-11-18'),
	('107','2','1003', '9-20-18', '10-11-18'),
	('107','2','1004', '9-20-18', '10-11-18'),
	('108','2','1001', '9-20-18', '10-11-18'),
	('108','2','1002', '9-20-18', '10-11-18'),
	('108','2','1003', '9-20-18', '10-11-18'),
	('108','2','1004', '9-20-18', '10-11-18'),
	('109','1','1001', '9-20-18', '10-11-18'),
	('109','1','1002', '9-20-18', '10-11-18'),
	('109','1','1003', '9-20-18', '10-11-18'),
	('110','1','1001', '10-02-18', '10-23-18'),
	('110','1','1002', '10-02-18', '10-23-18'),
	('110','1','1003', '10-02-18', '10-23-18'),
	('111','2','1001', '10-02-18', '10-23-18'),
	('111','2','1002', '10-02-18', '10-23-18'),
	('111','2','1003', '10-02-18', '10-23-18'),
	('111','2','1004', '10-02-18', '10-23-18'),
	('111','2','1005', '10-02-18', '10-23-18'),
	('112','2','1001', '10-02-18', '10-23-18'),
	('112','2','1002', '10-02-18', '10-23-18'),
	('112','2','1003', '10-02-18', '10-23-18'),
	('113','1','1001', '10-05-18', '10-26-18'),
	('113','1','1002', '10-05-18', '10-26-18'),
	('113','1','1003', '10-05-18', '10-26-18'),
	('113','1','1004', '10-05-18', '10-26-18'),
	('113','1','1005', '10-05-18', '10-26-18'),
	('114','1','1001', '10-05-18', '10-26-18'),
	('114','1','1002', '10-05-18', '10-26-18'),
	('115','2','1001', '10-02-18', '10-23-18'),
	('115','2','1002', '10-02-18', '10-23-18'),
	('115','2','1003', '10-02-18', '10-23-18'),
	('116','2','1001', '10-02-18', '10-23-18'),
	('116','2','1002', '10-02-18', '10-23-18'),
	('116','2','1003', '10-02-18', '10-23-18'),
	('117', '2', '1001', '9-21-18', '10-12-18'),
	('117', '2', '1002', '9-21-18', '10-12-18'),
	('117', '2', '1003', '9-21-18', '10-12-18'),
	('117', '2', '1004', '9-21-18', '10-12-18'),
	('117', '2', '1005', '9-21-18', '10-12-18'),
	('118', '2', '1001', '9-21-18', '10-12-18'),
	('118', '2', '1001', '9-21-18', '10-12-18'),
	('118', '2', '1001', '9-21-18', '10-12-18'),
	('122', '3', '1005', '9-21-18', '10-12-18'),
	('123', '4', '1006', '9-21-18', '10-12-18')









